CustomerID,CustomerName,CustomerPhone,CustomerAddress,CustomerGender
1,Bea McDarmid,294-735-8467,35 Marquette Terrace,Male
2,Baxie Kirsch,291-373-9470,9 Carpenter Center,Male
3,Oralia Dodge,247-150-6052,600 Sunfield Lane,Female
4,Ileane Allicock,283-422-9150,53748 Linden Street,Female
5,Sidonnie Cockerell,723-711-2537,80349 Sauthoff Plaza,Male
6,Judy Courvert,441-778-1279,58 Sachs Parkway,Male
7,Kali Baggelley,606-336-6081,8432 Sycamore Circle,Female
8,Roxana Pate,593-198-8816,39881 Holmberg Way,Female
9,Shani Wisniowski,254-988-3298,10558 Summit Court,Female
10,Annalise Blackaby,672-222-4580,67 Pine View Hill,Female
11,Bastian Berridge,268-439-6637,90736 Macpherson Way,Female
12,Haley Tabb,421-248-9383,44638 Briar Crest Alley,Male
13,Ravi Corroyer,989-489-6168,916 Tomscot Place,Female
14,Angy Chartre,610-469-9590,35071 Buhler Crossing,Male
15,Lorry Gabitis,915-164-1166,7 Larry Crossing,Male
16,Isidoro Shadrack,513-686-9093,26982 Browning Place,Female
17,Claus Lethbrig,179-946-2106,16 Mallory Street,Female
18,Germain Iannelli,869-169-6015,2 1st Alley,Male
19,Nicolais Blase,405-547-9986,42 Shelley Plaza,Female
20,Annaliese Viscovi,753-613-2514,6264 Crescent Oaks Pass,Male
21,Javier Verrills,159-861-2586,0 Duke Hill,Male
22,Elisha Haxby,949-879-3385,68 Comanche Trail,Male
23,Colet Davage,955-256-8751,0 Delladonna Road,Male
24,Lily Sapena,525-222-1734,17 Pennsylvania Court,Female
25,Benson Orcott,279-896-8256,50 Warner Junction,Female
26,Romola Higgoe,992-348-1651,5882 Florence Point,Male
27,Cobby Sibthorp,513-800-9114,47254 Ridge Oak Hill,Male
28,Devonna Vaar,197-660-9469,766 Gale Hill,Female
29,Alice Humpherston,572-640-2562,381 Dexter Junction,Male
30,Lyn Izaac,630-618-2997,064 Menomonie Road,Female
31,Husein Louisot,661-450-0149,60003 Brentwood Terrace,Female
32,Cecil Filipychev,917-265-3479,42 Fulton Center,Male
33,Jada Mullins,986-884-6109,4 Del Mar Park,Male
34,Levon Aulton,662-464-7410,25641 Kensington Crossing,Female
35,Meghann Mothersole,704-710-7306,831 Monica Way,Male
36,Shela Udy,720-321-6802,08 Ruskin Circle,Female
37,Kati Junifer,713-897-3373,7868 Iowa Circle,Male
38,Dorrie Boffin,403-151-3442,254 Graceland Street,Female
39,Elfreda Alten,651-313-9495,02 Lindbergh Street,Female
40,Fletcher Jzak,778-270-3500,861 Prairieview Way,Female
41,Fidole Spoure,661-944-4562,690 Pond Court,Male
42,Alena Kyte,950-796-8808,03337 Thierer Circle,Male
43,Karalee Durman,552-862-9236,7 Dennis Way,Male
44,Lowell Sondon,125-427-7424,5 Crownhardt Crossing,Male
45,Balduin Doyle,412-292-9994,95006 Aberg Circle,Female
46,Addy Birley,375-245-9870,1171 Texas Hill,Female
47,Sutherland Poulsum,425-340-2948,863 Meadow Vale Hill,Male
48,Dunstan Ryam,176-407-1788,174 Talisman Court,Female
49,Florie Clemerson,693-865-1905,92206 Petterle Terrace,Female
50,Vicky Kelemen,102-738-9129,972 Arkansas Terrace,Male
51,Roderich Redrup,919-634-5539,3367 Arizona Hill,Female
52,Mord Orgen,995-303-6448,3259 Eliot Place,Female
53,Ruddy Lujan,206-146-8245,6 Farragut Parkway,Male
54,Shelley Saull,794-570-5544,0031 Merchant Court,Male
55,Yehudit Danter,943-904-6388,25096 Nelson Drive,Female
56,Mandi Rake,331-418-0832,75432 Amoth Junction,Female
57,Theodor Andryushin,818-672-9022,8 Fieldstone Court,Male
58,Stanfield Lackeye,408-655-7967,47772 Haas Junction,Female
59,Jojo Pauel,372-627-1611,4 Westerfield Alley,Female
60,Ilse Antoney,336-870-0406,10 Toban Junction,Female
61,Hewett Gallety,783-854-4630,40782 Dakota Center,Male
62,Bertram Geraldez,500-178-5099,8038 Anhalt Lane,Female
63,Lorri Goadby,241-793-7297,72221 Schmedeman Lane,Male
64,Kissie Fassman,499-782-1885,6177 Bunting Crossing,Female
65,Jannel Vian,262-203-3025,76 Schlimgen Pass,Female
66,Evy Filyakov,314-114-8207,9 Oxford Point,Female
67,Egan Shefton,179-827-3984,97921 Schurz Street,Male
68,Artemus List,585-106-7886,1 Golden Leaf Court,Male
69,Robers Eberle,558-601-6478,23055 Mallory Alley,Female
70,Gabbey Dudgeon,985-513-1068,73120 La Follette Drive,Male
71,Nikkie Reeders,552-933-6167,6 Cordelia Center,Male
72,Nona Stiffkins,320-778-4812,3 Basil Drive,Male
73,Ediva Cufflin,814-283-4070,4018 Ronald Regan Alley,Male
74,Rod Stibbs,335-336-0448,69 Pepper Wood Junction,Male
75,Kimmie Tyson,904-777-1582,09041 Donald Pass,Male
76,Hester Barnson,214-615-3755,04 Lindbergh Parkway,Male
77,Pierrette Barritt,493-170-9481,7750 Dorton Trail,Female
78,Lewie Dillintone,862-283-7286,2 Superior Alley,Male
79,Remington Cleghorn,484-658-1845,873 Oriole Hill,Male
80,Lona Corp,864-646-7150,6 Dexter Avenue,Female
81,Merle Stable,320-333-4785,47281 Hanson Court,Female
82,Sheffield Hellard,460-398-9575,8 Veith Place,Female
83,Aldridge Verlinde,154-423-3997,62 Westridge Road,Female
84,Paquito Dornin,714-695-9666,883 Hollow Ridge Avenue,Male
85,Alanna Lampard,715-739-1596,32414 Melby Court,Female
86,Immanuel Readman,309-173-3687,1972 Hooker Parkway,Male
87,Talyah Doy,857-357-5705,78389 Ramsey Crossing,Female
88,Oberon Gawn,554-837-0184,34 Judy Pass,Female
89,Kylynn Vevers,452-992-0748,820 Transport Point,Female
90,Sashenka Broggio,267-688-7520,202 Springs Terrace,Female
91,Kahlil Iannetti,662-138-8014,60219 6th Road,Male
92,Hobey O' Meara,396-586-8323,9662 Hanson Park,Female
93,Gisella Twoohy,372-413-8739,8 Straubel Road,Male
94,Lowell Askey,284-980-3557,26371 Spenser Park,Male
95,Jermayne Lough,705-482-2994,3 Paget Street,Male
96,Etheline Petteford,400-922-8245,46 Spenser Court,Male
97,Zerk Corser,813-836-6400,64 Monument Drive,Female
98,Pat Denyakin,278-805-4022,6 Park Meadow Parkway,Female
99,Holli Swoffer,421-155-0157,153 Monica Way,Male
100,Gilbertine Bark,683-845-1480,6 Fulton Circle,Male
101,Pryce Tupman,182-975-1803,10992 Burrows Avenue,Male
102,Boyd Tibbits,337-561-2308,703 Kipling Crossing,Female
103,Isidoro Feathers,402-187-3847,9 Bunker Hill Terrace,Female
104,Cesya Bubear,858-325-8970,69 Pond Lane,Female
105,Jenn Robroe,778-572-2927,687 Petterle Center,Male
106,Vicki Trubshawe,239-738-1489,7918 Toban Street,Male
107,Anson Merriday,240-629-3098,26 Sugar Pass,Female
108,Billy Attwill,770-964-9820,4 Heath Lane,Female
109,Martynne Erdely,938-940-4372,8 Shelley Pass,Female
110,Calypso Witton,566-532-5765,25 Scofield Street,Male
111,Kip Garham,459-484-1009,758 Fremont Court,Female
112,Charlene Raiston,801-241-0126,23 Iowa Crossing,Female
113,Bailie Huygen,158-692-9759,46 Gulseth Hill,Female
114,Gert Mahoney,289-214-6766,7849 Porter Way,Female
115,Celinda Brogioni,479-205-1410,72 Amoth Parkway,Male
116,Olympie Gantzer,354-793-6056,183 Stang Terrace,Female
117,Zondra Mitchelmore,891-425-2645,4828 Blackbird Avenue,Female
118,Neysa Jantzen,671-761-8072,8963 Grayhawk Trail,Male
119,Lisa Adamov,763-283-5384,9 Carey Terrace,Female
120,Devy Glencrash,356-651-7335,699 Nancy Alley,Male
121,Layla Andrusov,581-270-1939,1 Sugar Way,Male
122,Chicky Dutnall,889-666-6515,6551 Burning Wood Park,Female
123,Marnia Ghidoli,131-869-6406,42570 Mcbride Terrace,Male
124,Willamina Hammerman,357-104-7419,023 Oriole Court,Male
125,Kayley Barnby,318-936-4134,0698 Thackeray Plaza,Female
126,Emmeline Yansons,902-543-1102,57 Oak Road,Male
127,Sigmund Ashplant,792-776-1628,92137 Stoughton Street,Male
128,Peterus Grissett,324-136-2798,18351 Hudson Plaza,Male
129,Ad Ringsell,168-694-4805,02 Bashford Park,Female
130,Jeddy Ingliby,717-877-8481,00195 Green Ridge Parkway,Female
131,Lutero Wooler,899-232-9183,16402 Mitchell Way,Female
132,Wenda Lethardy,261-159-6877,58 Maple Wood Hill,Male
133,Miller Wyldes,806-138-9863,6398 Carberry Park,Female
134,Penni McWhin,803-478-6244,0135 Scofield Pass,Female
135,Cornela McRinn,797-643-3116,64 3rd Place,Female
136,Cullan Minger,165-699-8602,8313 Jenifer Crossing,Male
137,Gayla Maldin,802-981-7473,0 2nd Crossing,Male
138,Salli Shackel,992-115-0849,93 Texas Junction,Male
139,Theresa Yannoni,878-856-8317,9869 Burrows Drive,Female
140,Esme Moors,650-451-8760,7 Lighthouse Bay Avenue,Female
141,Debora Elsmore,244-736-3200,9898 Spenser Court,Female
142,Eimile Mease,630-395-9959,7891 Prairieview Street,Female
143,Fionnula Oneill,338-658-6187,4403 Schlimgen Plaza,Male
144,Staffard Feehan,277-388-4341,58 Steensland Lane,Female
145,Danny Doodney,805-755-7184,69 Westport Point,Female
146,Val Aloshkin,373-184-1179,674 Sycamore Circle,Female
147,Boy Mouget,202-105-8709,38759 Carberry Drive,Female
148,Berkly Parades,937-395-3666,21947 Nova Circle,Female
149,Emelen Crichley,255-572-0515,89146 Service Park,Male
150,Corey Avrahamof,254-145-2258,5202 Spaight Parkway,Female
151,Hestia Beeho,497-823-7248,1954 Grim Place,Female
152,Katheryn Abelson,311-201-5492,6 Clove Junction,Male
153,Jasper Sutcliffe,561-693-0856,07 Jenna Parkway,Female
154,Madelon Style,978-642-4614,16 Merrick Junction,Female
155,Lay Allbon,896-286-8155,89396 Walton Way,Male
156,Robinette Saunter,564-929-5256,4 Sutteridge Place,Male
157,Jacquenette Shearwood,290-763-1660,1485 Beilfuss Plaza,Female
158,Margarette Wasielewski,145-198-5535,4176 Kinsman Center,Female
159,Yehudit Rosenau,562-475-7757,657 Laurel Park,Male
160,Adolphe Rapley,762-396-0850,165 Moose Plaza,Male
161,Thomasin Kivits,119-651-0880,10476 Declaration Way,Male
162,Donia Cheater,521-477-4980,33 Declaration Way,Female
163,Dominic Baumler,797-673-4338,7191 Eliot Alley,Male
164,Reginald Gibby,506-869-2167,205 Continental Place,Female
165,Moyra Myhill,275-994-5487,10 Northfield Junction,Female
166,Eugine Hassall,518-219-7435,90454 Del Mar Street,Male
167,Russell Rentoll,596-636-7485,82687 Bunker Hill Junction,Male
168,Mabel Stonard,971-221-8620,4 Orin Alley,Male
169,Wilona Sarfati,896-525-2825,86 Clarendon Crossing,Female
170,Dagmar Kirkbride,333-611-2649,89282 Forest Run Circle,Male
171,Trstram Jobson,634-880-3825,89250 Roth Park,Male
172,Dorri Risbie,558-366-6402,86 Columbus Point,Male
173,Trev Grishukhin,361-862-8236,27715 Mariners Cove Alley,Male
174,Harley Wellington,945-979-1147,761 Helena Court,Male
175,Becca Brigstock,414-853-9170,65942 Roth Trail,Male
176,Fabe Placide,569-302-3710,1947 John Wall Road,Male
177,Shari Guidi,851-635-2465,13700 Helena Parkway,Female
178,Emanuel Ganders,785-825-0368,63 Buhler Terrace,Female
179,Horatio Rowden,874-530-3358,1260 Sage Pass,Male
180,Olia Hammerberger,504-948-1124,615 Starling Crossing,Male
181,Gerrard Taffurelli,290-233-0000,4 Prairieview Road,Female
182,Annamarie Wetherald,280-848-4054,291 Talmadge Center,Female
183,Isabel Tuberfield,894-492-7623,99 Rieder Center,Female
184,Lorrie Christie,476-568-9541,492 Duke Avenue,Female
185,Malcolm Croson,386-771-1667,687 Grayhawk Avenue,Male
186,Ned Frear,120-816-7457,529 Golf View Parkway,Female
187,Daryn Nossent,444-101-1138,2 Vernon Way,Male
188,Baryram Pedlow,600-133-5681,9 Vermont Road,Male
189,Ardine Gumbrell,170-818-0718,9 Ramsey Terrace,Male
190,Edgardo Inglesent,241-660-6244,9750 Manufacturers Lane,Female
191,Lynnea Mc Cahey,850-314-1419,82306 Buena Vista Drive,Female
192,Vin Pittwood,427-132-0114,1293 Kenwood Avenue,Male
193,Delmor Bibbie,191-503-5841,2029 Express Park,Female
194,Corinna Pywell,995-473-7807,136 Burrows Street,Female
195,Karylin Wayon,352-440-5862,7664 Sutteridge Pass,Female
196,Selestina Chadburn,961-316-6019,81 Debs Alley,Male
197,Anabel Poyle,305-109-9966,89 Utah Lane,Female
198,Yuma Ballendine,268-590-0390,50 Lyons Center,Female
199,Sheeree Durand,550-839-8081,16 East Center,Male
200,Sophi O'Carroll,853-772-3186,2808 Sundown Hill,Female
201,Lurlene Cristofaro,196-322-7075,768 2nd Parkway,Male
202,Jimmy Barck,988-561-8025,88812 Dennis Court,Female
203,Arluene Rouse,530-200-0451,18140 Erie Center,Female
204,Mirabel Pughsley,241-370-9266,34 Derek Trail,Male
205,Dyan Raigatt,196-321-9430,3 Mcguire Junction,Male
206,Tobit Kubczak,324-333-5370,24 Utah Crossing,Male
207,Kameko Craigg,777-277-8367,87647 Spenser Drive,Male
208,Lucais Hankin,821-961-3692,5 Goodland Point,Male
209,Julita McIntee,904-206-9297,69529 Hayes Road,Female
210,Della Beers,209-257-2180,95 Stone Corner Point,Male
211,Ignacius Trayling,989-910-1673,14 Towne Point,Male
212,Brien Whordley,874-246-2769,1 Superior Crossing,Male
213,Marcello Fairebrother,462-852-4387,8 Kings Avenue,Female
214,Ruggiero Lacheze,102-543-2276,06 Waubesa Court,Male
215,Dallas Dries,881-107-7895,57 Pierstorff Park,Female
216,Colene Jiggins,504-981-2067,9658 Iowa Plaza,Male
217,Kaylyn Breston,373-583-0008,87033 Dwight Center,Female
218,Hymie Ham,569-942-0972,149 Oak Valley Parkway,Male
219,Robby Tighe,761-507-5008,89 Rowland Avenue,Female
220,Fidel Gandar,378-744-7111,95427 Waywood Point,Male
221,Englebert Deverill,892-907-5766,2 Fulton Trail,Female
222,Valry Woodroffe,292-120-6202,595 Haas Street,Male
223,Gwendolyn Purcell,272-342-5603,64177 Bartillon Crossing,Male
224,Bradan Squire,563-999-5069,4838 Hoffman Plaza,Female
225,Julissa Rosenkrantz,599-658-5282,40 Drewry Drive,Female
226,Duke Plevin,662-383-5154,54 Badeau Road,Female
227,Jennette Edds,399-982-2303,493 Oneill Crossing,Female
228,Ardeen Kochl,527-487-1216,58 Morrow Park,Male
229,Goddard Langham,184-358-2365,9896 Leroy Park,Male
230,Rennie McPolin,478-869-1779,46864 Michigan Court,Female
231,Simonne Foxcroft,891-581-1485,1 Gateway Park,Male
232,Kimberlee Wookey,253-654-2518,171 Artisan Plaza,Male
233,Koressa Purbrick,505-237-0097,6 Westerfield Court,Female
234,Barclay Casini,130-525-7416,73942 Kim Parkway,Female
235,Andria Flight,963-876-4423,12982 Coolidge Avenue,Female
236,Evyn Loffhead,335-572-5171,529 Anderson Terrace,Female
237,Lorrayne Sutch,119-718-5499,90165 Monterey Parkway,Male
238,Katharina Huffer,714-259-8077,95 Farwell Point,Female
239,Edna Edmonstone,811-226-5643,8242 Dawn Avenue,Female
240,Madonna Blinco,793-669-1514,1 Milwaukee Street,Male
241,Leanora Plaskett,581-671-9165,79316 Crownhardt Terrace,Male
242,Dev Sultana,177-571-9754,649 Laurel Parkway,Female
243,Standford Bytheway,589-752-6277,8 Union Court,Female
244,Jermayne Gladwell,234-883-9487,6 Monica Parkway,Female
245,Arney How to preserve,675-234-3396,626 Darwin Street,Female
246,Freedman Self,284-825-8245,5 Clyde Gallagher Point,Male
247,Lila Moxley,331-328-6489,5892 Shopko Pass,Female
248,Pegeen Brugman,105-699-1825,1546 Delladonna Alley,Male
249,Debor Cortnay,863-192-8879,9 Brown Point,Male
250,Sophey Espinha,382-492-7523,07 East Parkway,Male
251,Alanson Frier,554-276-9924,94 Armistice Road,Male
252,Reinaldo Peele,207-532-9567,3 Springview Lane,Male
253,Lombard Dowrey,734-890-1291,5473 Golf View Drive,Female
254,Onofredo Hoyland,566-929-3828,44 Fulton Pass,Male
255,Collete Addinall,536-527-9026,20 5th Street,Male
256,Jobina Billion,386-425-9230,32045 Bunting Drive,Male
257,Kingston Sedge,743-732-7494,5187 Mayfield Plaza,Female
258,Adeline Dominka,399-143-3311,8 Daystar Hill,Female
259,Rickard Hurren,610-121-8531,90 Becker Park,Female
260,Edgard Rosier,525-826-5787,2 Dahle Street,Male
261,Hilda Phidgin,570-171-9713,6681 Katie Lane,Male
262,Gothart Bottrell,634-809-0032,40428 Dexter Place,Male
263,Willamina Abbatucci,979-695-5282,6036 Annamark Street,Male
264,Cecily Aburrow,522-877-2383,347 Daystar Alley,Female
265,Katharine Clancey,184-131-5549,902 Truax Hill,Female
266,Arman Farrington,836-441-4610,193 Westerfield Point,Female
267,Teriann Chilles,427-419-0095,8026 Welch Crossing,Male
268,Olav Staton,456-133-7162,093 Mayfield Street,Female
269,Maisey Ismirnioglou,672-570-2711,301 Havey Drive,Female
270,Rorie Cussins,449-831-7737,97 Anhalt Avenue,Female
271,Ailey Demcik,790-609-4831,3 Nobel Hill,Female
272,Shae Elnaugh,337-281-5158,82 Eastlawn Terrace,Female
273,Lelah Fonteyne,834-661-0119,43 Oak Valley Parkway,Female
274,Hunt Matyukon,910-630-4676,60728 Ohio Road,Female
275,Barton Corkan,139-310-1554,3383 Village Green Plaza,Male
276,Berni Spinley,583-296-3350,46 West Terrace,Male
277,Marne Haldane,596-901-2985,36 Dixon Park,Female
278,Aldric Le Grove,214-297-7693,3428 Di Loreto Way,Male
279,Sarette Kiln,892-398-7619,34081 Atwood Drive,Female
280,Nolana Windley,217-463-2189,3 Farmco Point,Female
281,Chadwick Hugonet,889-863-6613,22 Monterey Crossing,Female
282,Vinnie Laverty,223-231-1161,954 Fallview Hill,Female
283,Wallace Leather,476-330-7597,553 Bluestem Crossing,Female
284,Laverne Ickowics,975-881-4883,9869 Forster Plaza,Male
285,Rose Rhoddie,869-538-4953,15 1st Road,Male
286,Ellery Bemand,774-327-8935,8 Mosinee Alley,Female
287,Hogan Hultberg,511-460-3926,1073 Towne Parkway,Male
288,Essa Paulich,490-677-2635,4948 Eggendart Lane,Female
289,Nanon Risby,643-504-9342,9 Surrey Center,Female
290,Otis Bayle,353-380-8230,57234 Amoth Point,Female
291,Michaela Chaman,309-812-1229,79249 Mendota Pass,Male
292,Vivian Fassum,806-675-9191,81 Rigney Lane,Male
293,Hobart Springall,240-252-3335,3 Ruskin Avenue,Male
294,Stephana Van der Hoven,694-815-1751,73 Mallory Road,Female
295,Rainer MacGown,635-105-2105,5101 Anderson Center,Male
296,Isacco Smerdon,543-130-4090,20 Linden Road,Female
297,Noell Peake,529-421-2951,1879 Vernon Circle,Female
298,Florencia Chapelle,719-406-3284,89938 Butternut Court,Male
299,Rozelle Dobeson,294-567-6457,811 Dexter Road,Female
300,Rubina Ransome,233-444-2019,94252 Spohn Road,Female
301,Sterne Howse,620-205-6215,231 Karstens Alley,Male
302,Urson Lesor,230-672-4055,677 Bowman Road,Female
303,Gay Penna,167-878-0786,0655 Mesta Way,Female
304,Thia O'Loughlin,745-514-8435,28571 Oxford Center,Female
305,Ninetta Thomesson,138-684-4310,6374 Elmside Court,Female
306,Tootsie Ellse,112-423-5469,0 Ludington Park,Male
307,Carine Slack,407-909-1952,2 Duke Avenue,Female
308,Pearce Freeland,326-607-5906,77 Lakeland Avenue,Male
309,Enrika Garrould,706-463-4994,577 Vera Way,Male
310,Odo Bogie,723-673-8332,0 Talisman Center,Male
311,Worthington Dyment,798-425-4273,399 Buena Vista Crossing,Female
312,Staffard Sawday,447-531-1804,1 Jenifer Center,Female
313,Creighton Farrimond,733-832-2609,89 Petterle Point,Male
314,Ichabod Balducci,775-126-3924,4997 Bonner Street,Male
315,Rock Aleksandrev,708-777-2365,1619 Bellgrove Drive,Male
316,Agathe Kerwen,358-376-2288,31634 Golden Leaf Street,Female
317,Michaelina Worg,452-263-1863,393 Summit Court,Female
318,Ermentrude Titford,892-900-6174,9258 Mallard Park,Male
319,Joanne Burford,722-354-1720,3531 Fisk Place,Male
320,Darryl Bolitho,150-612-8455,1795 Veith Avenue,Female
321,Amberly Fritschel,113-741-1938,07503 Darwin Circle,Male
322,Dulcia Bridel,701-750-6380,5715 Mallory Parkway,Male
323,Nikola Hallmark,626-227-2548,62 Londonderry Terrace,Female
324,Pris Arnal,143-590-4268,2855 Hauk Way,Male
325,Kamila Snap,517-185-2184,5148 Dayton Center,Female
326,Filmer Myner,260-944-0547,4 Sundown Avenue,Female
327,Edward Fishly,290-401-6211,75475 Rowland Lane,Female
328,Nora Silverton,100-685-7503,37112 Fallview Road,Female
329,Marian McCalister,242-613-8689,927 Autumn Leaf Point,Male
330,Renelle Agget,561-143-3519,44164 Caliangt Point,Female
331,Katherine Tointon,674-929-7459,352 Riverside Circle,Female
332,Clywd Gerger,454-520-5104,7 Northridge Alley,Male
333,Ruthe Leckenby,205-295-8157,444 Mifflin Alley,Male
334,Breena Vicker,548-119-0416,41126 West Point,Male
335,Pyotr Yantsev,621-417-5408,76 Shasta Alley,Female
336,Leshia Wallentin,767-882-8285,020 Ridgeway Pass,Female
337,Angelo Saltmarshe,471-170-8850,676 Rutledge Lane,Female
338,Dix Quixley,268-331-7814,16 4th Point,Female
339,Janeen Sowerbutts,917-303-2652,363 Straubel Lane,Female
340,Stevy Kuschke,316-278-9120,57 Village Crossing,Female
341,Hammad Bewsey,737-960-9243,97926 Dexter Circle,Female
342,Kellen Branch,248-116-2264,60 Bellgrove Point,Female
343,Dion Gingedale,913-716-1906,2 Anniversary Lane,Male
344,Thom Rowter,173-460-6518,639 Loeprich Avenue,Female
345,Flss Ruusa,815-948-2934,6278 Holmberg Terrace,Male
346,Minna Rothermel,871-535-4987,1769 Glendale Place,Male
347,Frances Cullen,163-399-1430,019 Autumn Leaf Parkway,Female
348,Gav Bhatia,381-295-6848,187 Delaware Place,Female
349,Abby Adshed,617-302-7764,75 Thackeray Lane,Male
350,Ingrid McPhilip,207-229-2164,499 Delaware Junction,Male
351,Bibbye Sarsons,558-555-1880,030 Grayhawk Lane,Male
352,Tamqrah Caitlin,303-381-9621,044 Debs Avenue,Female
353,Malorie Boxer,959-354-8236,6 Village Green Junction,Female
354,Dante Finicj,510-752-6296,764 Browning Park,Female
355,Ebba Jozefczak,316-403-6055,241 Clemons Lane,Female
356,Annabelle Brogini,559-126-9935,6 Brentwood Circle,Male
357,Alfy Fancett,882-509-9183,96 Gerald Court,Female
358,Shanta Gross,612-562-8980,7376 Katie Parkway,Male
359,Zena Kirkebye,184-830-7567,8545 Kensington Park,Male
360,Licha Jeffcoat,553-615-9010,050 Erie Hill,Female
361,Renee Bolton,702-887-1479,83 Northport Circle,Male
362,Darline Warrell,232-333-3071,76750 Haas Hill,Female
363,Evelyn Featonby,909-537-1012,32202 Derek Junction,Female
364,Emlynne Chaston,848-827-8646,23 Stoughton Crossing,Female
365,Giusto Van Weedenburg,699-208-1560,1177 South Plaza,Male
366,Wylma Aubray,190-371-6871,77178 Lighthouse Bay Place,Female
367,Giffy Codrington,112-249-5404,7446 Fallview Court,Female
368,Atalanta Bonar,727-606-3162,8 Morrow Terrace,Male
369,Bastien Lumb,401-367-5625,3838 Lighthouse Bay Point,Female
370,Amelia Aers,752-665-3288,7 Longview Hill,Male
371,Randy Oneal,787-224-4740,09225 Algoma Park,Male
372,Courtney Hiscocks,891-471-1351,87 Talisman Point,Female
373,Marge Johantges,442-437-3018,1258 Porter Parkway,Female
374,Annaliese Brennan,544-507-4107,58 Luster Point,Male
375,Cate McAndrew,496-317-1260,55 Hazelcrest Drive,Male
376,Florencia Reide,940-986-7123,20 Summer Ridge Circle,Male
377,Verene Siddaley,894-704-8838,525 Crowley Avenue,Male
378,Marcile Niessen,111-369-1686,2 Elgar Plaza,Female
379,Kay Roache,956-294-1897,250 Rigney Avenue,Male
380,Perren Henkens,177-745-7774,987 Little Fleur Road,Male
381,Yardley Hanington,887-757-3482,3657 Bunting Parkway,Male
382,Suzie McCuaig,844-618-6848,5 Del Mar Trail,Male
383,Durand Walstow,998-440-1697,29 Dovetail Drive,Male
384,Markus Goding,669-844-1422,10759 Mockingbird Park,Female
385,Cami Comiskey,808-510-6614,296 Dahle Avenue,Female
386,Natalie Aburrow,890-557-3762,158 Pierstorff Court,Female
387,Celene Balden,957-444-1227,9 Arkansas Circle,Female
388,Vic Magor,807-996-6059,0470 Village Court,Female
389,Araldo Marin,491-850-1092,30 Merrick Drive,Female
390,Eddie Kingston,455-259-1055,389 Express Point,Female
391,Jacquie Cypler,202-371-3024,548 Talisman Center,Male
392,Daphna Leatt,168-233-5565,616 Shelley Drive,Male
393,Delmar Ovenden,576-436-7136,62453 Fallview Junction,Male
394,Ivan Lorie,473-269-9908,8 Aberg Point,Male
395,Cordie Kinchley,402-833-6201,7150 Lawn Junction,Female
396,Artair Roze,813-756-9142,7713 Scofield Road,Male
397,Mathilda Lefley,872-477-2677,7696 Kenwood Alley,Female
398,Tab Backhurst,436-502-8130,63 Susan Point,Male
399,Julissa Derdes,141-396-5081,687 Doe Crossing Point,Female
400,Cazzie Broomhall,465-159-1754,0 Merchant Trail,Female
401,Lorelle Wetheril,312-337-9268,8441 Shoshone Road,Male
402,Jorie Redholls,590-921-3395,3 Anthes Junction,Male
403,Alida Forrestor,479-608-5222,38891 Morningstar Center,Female
404,Sergei Andriveaux,104-297-9833,3297 Thompson Trail,Male
405,Kris Boyet,837-896-6518,42719 Roxbury Trail,Female
406,Devlen Blaby,450-660-9161,177 Jackson Point,Female
407,Lyndsey Slora,864-669-5872,37 Johnson Terrace,Female
408,Shayne Handforth,501-378-0400,333 North Place,Female
409,Ariadne Imlin,203-906-6511,51 Darwin Plaza,Male
410,Joby Garahan,296-440-8128,2805 Northview Point,Female
411,Laurent Filippucci,931-580-1848,173 Forest Dale Place,Female
412,Kirsti Hillaby,396-108-2980,16304 Mayfield Trail,Female
413,Regina Sheekey,157-809-1936,654 Rigney Parkway,Female
414,Booth Lacelett,590-167-9145,8209 Rigney Plaza,Male
415,Davine Stonehewer,536-750-8555,10 Sachtjen Lane,Female
416,Leila Mangham,295-680-8631,1 Roxbury Plaza,Female
417,Jacklin Dyton,525-493-5254,812 Gale Place,Female
418,Paulie Yeudall,411-694-9744,607 Hoard Place,Male
419,Herve Catherick,918-154-4476,767 Algoma Hill,Male
420,Robina Orro,481-436-4468,669 Straubel Way,Male
421,Deena Blanpein,877-167-4398,087 Judy Way,Female
422,Gianni Garatty,904-190-4525,5 Judy Plaza,Female
423,Ronny Snowdon,186-293-2357,33075 Sullivan Junction,Male
424,Oswald Pirdy,648-947-3871,14 Redwing Drive,Female
425,Emmalee Treace,195-396-5683,123 Monica Circle,Male
426,Hadria Storr,160-390-9186,7055 2nd Lane,Female
427,Windy Dinsale,596-545-4252,04759 Blackbird Crossing,Male
428,Larry Lalor,113-537-8104,62 Morningstar Terrace,Male
429,Brande Delgado,125-227-8958,9 Buell Parkway,Male
430,Karolina Wickerson,479-977-5879,7966 Lake View Pass,Male
431,Tandy Dummer,341-955-4116,63 Stang Circle,Female
432,Amity Everiss,659-846-5420,5 Fulton Drive,Male
433,Michele Horsfield,831-203-1537,20446 Namekagon Alley,Male
434,Adlai Jellico,721-676-8035,4564 Summer Ridge Court,Male
435,Vincent Voyce,123-982-8460,16211 Mandrake Crossing,Female
436,Kakalina Bedo,632-914-7201,16 Elmside Avenue,Female
437,Hurley Bellamy,627-141-1964,7693 Upham Hill,Female
438,Peria Livingstone,596-914-0543,3616 Crownhardt Alley,Male
439,Zeke Draijer,636-283-4771,35 Boyd Plaza,Male
440,Haley Cicero,387-335-5232,04 Village Way,Female
441,Bernie Killik,743-580-6214,904 Pond Avenue,Female
442,Bartlett Hannen,191-152-6620,328 Hoard Point,Male
443,Moore Wallicker,940-352-5821,339 Mayer Point,Male
444,Rosabella Coalbran,656-861-5990,28 Alpine Trail,Male
445,Lazare Ferrillio,193-812-8684,8 Grayhawk Pass,Female
446,Goldi D'Elias,386-931-5647,25303 Sherman Point,Female
447,Lucia Waadenburg,803-697-7654,46 7th Park,Female
448,Lilly Chrishop,250-958-0717,47 Granby Terrace,Male
449,Stan Sweatman,175-585-5459,28658 Donald Lane,Female
450,Mel Meers,942-436-2608,491 Tony Crossing,Female
451,Karlie Carlsson,875-456-8968,2 Hoard Crossing,Male
452,Hasheem Yakovl,962-437-7484,6618 American Ash Hill,Female
453,Tammie Penella,766-387-3962,817 Colorado Avenue,Male
454,Jo ann Peddowe,676-861-0502,4 Chinook Lane,Male
455,Doti Conre,293-634-3260,615 Hermina Lane,Female
456,Haze Murby,544-330-7619,9 Mifflin Center,Female
457,Anastasie Strank,735-993-2476,452 Ruskin Court,Female
458,Chelsy Reicharz,672-364-0552,6 Pepper Wood Trail,Female
459,Britney Stooders,129-429-3115,5 Roxbury Way,Male
460,Christy Dziwisz,743-916-1439,924 Pankratz Park,Male
461,Bunni Rens,939-726-7874,99 Evergreen Road,Female
462,Luci Emsley,499-272-1120,05 Sunnyside Street,Female
463,Joelly Lyndon,598-901-6505,72086 Darwin Way,Male
464,Hershel Lubeck,457-222-7109,20667 Susan Place,Male
465,Melicent Levay,285-612-7476,2765 Kenwood Pass,Female
466,Yasmeen Brumfield,376-121-6530,2 La Follette Plaza,Male
467,Jesse Lafoy,401-306-1340,8830 Bultman Junction,Male
468,Emily Cutts,524-743-7263,1 Sachtjen Street,Female
469,Anette Dunsleve,140-100-4041,3 Kennedy Pass,Male
470,Lezlie Castree,500-209-3213,3241 Macpherson Hill,Male
471,Lillis Lendrem,846-139-5845,63009 Hanover Road,Female
472,Alessandro Armin,743-965-7144,50570 Golf Course Center,Male
473,Arty Kersey,718-309-1981,31148 Anniversary Way,Female
474,Tiebout Crosskell,199-121-6507,3 Sunfield Trail,Male
475,Hortense Manoch,896-366-7800,1587 Corry Drive,Male
476,Nikolia Linne,764-313-8149,90245 Burrows Pass,Female
477,Pearl Connichie,873-781-1730,9080 North Alley,Female
478,Mackenzie Poter,308-503-2159,860 Dapin Circle,Male
479,Michele Novotna,737-779-9626,501 Corscot Pass,Female
480,Sheela Dobney,258-444-2921,81 Lake View Street,Female
481,Celene Chicken,447-524-5642,4 Quincy Street,Male
482,Dyanna Boswood,233-573-1967,7405 Sullivan Crossing,Male
483,Sybil Niaves,217-894-5410,4385 Westport Place,Male
484,Wat Nasey,579-424-7214,6 Bobwhite Drive,Female
485,Gaven Le Teve,546-112-8055,220 Drewry Junction,Female
486,Lira Goldthorp,492-407-9904,15588 Walton Street,Male
487,Randal Thresh,650-561-6794,06441 Pawling Way,Male
488,Jonah Tipperton,855-642-0150,06314 Erie Court,Female
489,Pansie Banisch,876-954-0593,6603 Parkside Alley,Male
490,Nahum Zoephel,522-461-9017,689 Menomonie Parkway,Female
491,Rafferty Duckit,869-326-8381,48267 3rd Road,Female
492,Mattias Fritschel,448-364-4708,32265 Rowland Circle,Female
493,Cristin Kubas,107-180-1471,380 Mendota Point,Male
494,Case Lambrick,775-485-1881,98602 Westerfield Junction,Male
495,Taffy Screwton,646-878-6981,3 Main Avenue,Male
496,Shelia Lukesch,731-647-3137,775 Shelley Trail,Female
497,Holmes Faughny,826-734-8257,457 Quincy Terrace,Male
498,Adore Cocci,895-901-3590,109 Eliot Way,Female
499,Nelia St Louis,785-935-5030,38 Quincy Hill,Male
500,Quintus Kenaway,493-834-2056,46345 Eliot Terrace,Female
