StaffID,StaffName,StaffPhone,StaffAddress,StaffGender
1,Franni McKimm,561-882-6519,02370 1st Way,Male
2,Fredia FitzGibbon,299-605-1930,9925 Cardinal Plaza,Male
3,Jere Bartram,251-511-5167,45384 Blaine Alley,Male
4,Alena Reihill,196-192-6739,81 Summerview Way,Female
5,Tasha Withur,902-391-3167,2454 Prentice Lane,Female
6,Nero Cabane,993-692-5101,791 Nobel Junction,Male
7,Lesley von Grollmann,747-780-8332,87903 Johnson Way,Female
8,Jabez Caveney,544-768-1483,72 Onsgard Hill,Male
9,Bettina Boddis,270-602-4432,86034 Meadow Valley Crossing,Female
10,Karalynn McGuinness,373-373-5805,39189 Hermina Terrace,Male
11,Jase Ainsbury,277-317-2353,4593 Luster Circle,Male
12,Imojean Sinott,691-303-9442,1 Pawling Street,Female
13,Halie Coull,667-578-9373,261 Jenifer Point,Female
14,Jenifer Gayforth,195-574-0426,60 Esch Point,Male
15,Doy Bohlsen,648-803-0991,73387 Algoma Circle,Female
16,Aron Swendell,841-905-4271,5539 David Park,Male
17,Samuele Stroton,383-719-1699,15273 Lien Terrace,Female
18,Niel Cansdill,985-626-1588,917 Hintze Hill,Female
19,Feliks Raff,727-556-3578,38357 Kim Lane,Male
20,Monroe Judson,409-837-3433,450 Scofield Road,Female
21,Charlene Skaid,278-509-6477,4 Stuart Terrace,Female
22,Ardyth Benediktovich,785-959-4096,5151 Twin Pines Parkway,Male
23,Wallie Bonaire,655-386-4815,9 Acker Street,Male
24,Antonia McSpirron,914-701-3371,26712 Moose Plaza,Female
25,Keen Hammill,865-934-6555,3498 David Street,Male
26,Ursa Emblow,736-104-2959,090 Graceland Hill,Female
27,Josi Pruce,149-788-9661,6868 Hauk Center,Female
28,Caren Haseldine,243-774-1378,96 Trailsway Lane,Female
29,Carina Keppe,469-581-8959,7 Pennsylvania Drive,Male
30,Letty Sidaway,529-103-7598,7 Bunker Hill Terrace,Male
31,Nanni Vasyutichev,237-525-9100,3 Park Meadow Terrace,Male
32,Laurie Stride,621-145-9419,45753 Summerview Avenue,Male
33,Tedie Guterson,981-253-1010,86 Hintze Pass,Female
34,Murray Boatman,135-841-5159,1 Hoepker Plaza,Male
35,Cordula Stanney,465-604-7746,75 Shelley Park,Female
36,Gussie McIlwraith,224-138-9308,8120 Daystar Hill,Male
37,Garv Eggins,615-986-2521,05985 Monica Road,Female
38,Theressa Pickersail,222-731-9526,5946 Esker Junction,Male
39,Sherri Corless,175-701-2801,447 Nelson Trail,Female
40,Blythe Crayke,477-982-9269,63419 Duke Road,Female
41,Corny Salkeld,980-552-5339,5 Del Sol Drive,Male
42,Marna Littlechild,421-901-0052,1 Fieldstone Court,Female
43,Pattie Barnett,281-186-8835,86320 Dixon Pass,Female
44,Tabbie Canny,856-311-0435,6 Banding Lane,Male
45,Joyous Magson,245-899-7043,6940 Hansons Alley,Female
46,Kerwinn Noriega,723-441-8240,5873 Dapin Road,Female
47,Daven Alderman,816-941-0352,581 Oneill Trail,Male
48,Benoit Shutte,653-822-7445,01757 Eastwood Drive,Female
49,Lynnette Hattrick,900-744-7034,907 Miller Hill,Male
50,De Boomes,414-104-0789,9 Dayton Way,Male
51,Derk Stockman,421-931-6377,3374 Lakewood Gardens Road,Male
52,Corny Sebert,544-961-8146,50 Mcguire Crossing,Male
53,Kyrstin Burtonwood,928-431-0289,19 Loomis Road,Male
54,Drucy Nealey,617-399-4454,95836 Clyde Gallagher Plaza,Male
55,Redford Yelden,725-210-6640,495 Oriole Park,Female
56,Carl Gotling,592-906-0269,17 Nelson Junction,Female
57,Ewan Martijn,460-619-1339,5069 Mcguire Lane,Female
58,Eduardo Rosenqvist,496-253-5968,8 Center Place,Female
59,Mendel Brewitt,707-427-6251,4 Comanche Drive,Female
60,Dasha Coulson,393-284-0732,663 Little Fleur Park,Female
61,Ase Shipman,963-202-4344,41 Cherokee Center,Male
62,Almira Chaytor,308-437-0234,8 Jenna Road,Male
63,Austina Furzey,945-758-5154,161 Moulton Crossing,Male
64,Willdon Thorogood,818-775-5270,1360 Melby Alley,Female
65,Auberta Kennelly,282-897-7865,32786 Comanche Avenue,Male
66,Kit Gout,680-153-0780,6438 Badeau Hill,Female
67,Vincenty Steeples,390-685-0658,83236 Talmadge Parkway,Male
68,Worthington Feather,280-301-6765,0965 Dawn Parkway,Male
69,Avrit Amner,279-932-7905,6054 Sycamore Place,Female
70,Shaina Yacobsohn,113-718-8329,14 Transport Crossing,Male
71,Tod Paulo,528-741-1910,38 Eagan Way,Male
72,Niko Ballach,552-939-4280,7811 Forest Dale Park,Female
73,Tobit Redihalgh,239-939-4669,4696 Brentwood Hill,Female
74,Jany Dumphry,741-481-1814,5206 Sutherland Hill,Female
75,Isobel Daggett,589-910-4403,6036 Pennsylvania Point,Male
76,Court Riccardo,275-528-8087,1509 Northridge Parkway,Female
77,Temp Gilkison,880-242-2327,15 Fremont Avenue,Male
78,Ursa Cardow,677-774-2968,7 Schiller Point,Female
79,Clarice Leyborne,882-916-2377,75139 Arapahoe Road,Male
80,Vale Pardi,941-890-0852,31 Eastlawn Pass,Male
81,Conney Biddlestone,365-133-8585,547 Independence Road,Male
82,Mersey Temblett,429-226-9616,35 Shopko Center,Male
83,Olivero Mathon,208-417-5912,072 Shopko Avenue,Male
84,Nedda Kobu,904-544-4043,523 Barnett Crossing,Female
85,Kimbra Greason,811-813-3787,41 Maryland Junction,Male
86,Veronica Legan,292-920-6318,25570 Old Shore Plaza,Male
87,Louie Leads,128-510-1012,677 Aberg Trail,Male
88,Noach Springthorp,425-531-2185,0024 Paget Crossing,Female
89,Felipa Giannazzi,150-846-8975,5316 Eastwood Place,Female
90,Neel Checkley,447-917-4798,19877 Lindbergh Road,Male
91,Jaimie Pagen,457-234-3895,722 Dovetail Hill,Male
92,Cherice Englishby,980-340-5916,4767 School Drive,Male
93,Emmey Lean,327-326-2299,72 American Ash Park,Female
94,Darren McLagan,212-783-5834,69542 Northview Court,Male
95,Gregorio Sketchley,288-261-6730,6646 Dwight Alley,Male
96,Gloriane Sailor,579-669-7139,4 Kim Way,Female
97,Kamila Ricoald,490-830-1320,3 Eagan Avenue,Male
98,Jasper Top,285-732-6603,072 Manley Hill,Male
99,Regen Vasilyonok,110-495-2417,5 Cottonwood Place,Female
100,Freddi Horley,886-217-2699,56 Delladonna Center,Male
101,Minnnie Thumnel,913-578-3688,995 3rd Place,Male
102,Norris Michelin,708-528-3014,89 Crowley Terrace,Female
103,Ben Harry,844-905-7539,16127 Manufacturers Avenue,Male
104,Alanna Dunhill,612-755-7179,2124 Esker Trail,Male
105,Aloin Gerish,865-117-1226,221 Homewood Crossing,Female
106,Silvia Collet,915-537-1825,89205 West Center,Female
107,Tammy Jeromson,947-925-1131,2665 Riverside Junction,Male
108,Leontyne Sealand,990-416-7895,940 Ryan Trail,Male
109,Melisandra Huntley,570-595-1659,9 Rowland Point,Male
110,Dotti Whitehead,696-439-4857,2 Village Plaza,Male
111,Oralia O'Rafferty,240-587-0259,7520 Kensington Alley,Female
112,Tilda Nursey,994-562-1590,32 Wayridge Parkway,Female
113,Cathe Slegg,404-981-3036,8 Eastlawn Center,Female
114,Naoma Banbridge,162-117-4529,54282 Autumn Leaf Park,Male
115,Michele Paulsson,839-297-3501,0 Mariners Cove Terrace,Male
116,Tomi Wollen,745-826-4997,31 Dunning Street,Female
117,Raimondo Trusse,138-441-2639,4715 Raven Hill,Male
118,Keane Farrow,552-627-0603,274 Mitchell Parkway,Female
119,Nancy Rape,944-154-4360,34818 8th Place,Male
120,Madelena Stranks,651-897-2773,694 Mosinee Park,Female
121,Abner Desouza,440-554-5369,14 Manufacturers Place,Female
122,Valery Peyto,709-888-0074,0 Jenifer Center,Female
123,Galina Aspden,965-666-5033,71413 Pine View Parkway,Female
124,Cary Obern,663-282-6525,54 Briar Crest Way,Male
125,Isaiah Landy,130-371-4666,91 Sloan Road,Female
126,Maryjo Whitlaw,289-251-9884,8381 Bultman Road,Male
127,Ealasaid Tschirschky,449-325-1207,7450 Dixon Drive,Male
128,Fletcher Sendall,869-657-9039,5238 Grayhawk Crossing,Female
129,Cyril Bothie,984-669-8554,6966 Magdeline Road,Male
130,Griffith Symcock,593-825-1227,9472 Green Trail,Female
131,Juliette Filipic,863-901-7500,36231 Dawn Court,Male
132,Emelina Steward,318-320-5653,09672 Pawling Way,Male
133,Corbie Kanzler,604-347-2635,6010 New Castle Plaza,Female
134,Colby Cuttle,739-732-9731,0889 Bluestem Lane,Female
135,Murry McGruar,924-390-9953,4457 Ohio Place,Female
136,Loreen Catherick,658-534-3710,3178 Dahle Road,Female
137,Kerstin Gabbatiss,597-299-9957,71958 Dennis Center,Female
138,Jaquith Kenney,262-782-7901,253 Hagan Crossing,Female
139,Sydney Zamboniari,233-247-0988,752 Kings Circle,Female
140,Leeanne Bellefonte,323-561-6831,0 Barnett Crossing,Female
141,Leroy Deverick,599-772-0816,55 Cordelia Avenue,Male
142,Adore Tottem,177-272-2972,36 Coolidge Plaza,Male
143,Kleon Gearing,993-366-1770,35 Upham Avenue,Female
144,Mag Fleg,663-129-3471,239 Fulton Junction,Female
145,Shoshana Harborow,184-961-9490,6 Russell Alley,Male
146,Hube Flippen,968-838-5376,5492 Eggendart Parkway,Male
147,Pattin Eilhertsen,270-334-7728,549 Nancy Trail,Female
148,Wallis Coatsworth,630-271-0615,2 Londonderry Place,Male
149,Giorgi Polson,650-751-5696,1321 Sutherland Crossing,Female
150,Tasia Webborn,777-652-8140,524 Jay Crossing,Male
151,Delainey Tinkler,905-549-9045,556 Reinke Avenue,Female
152,Markos Calver,604-718-1230,1 Killdeer Plaza,Female
153,Xenos Blain,176-309-4997,3 Oneill Street,Male
154,Valaree Hugenin,287-801-4273,47 Buena Vista Circle,Female
155,Joshua Kinner,326-129-5054,9 Maple Plaza,Female
156,Yolanda Behrend,582-131-1628,4 Badeau Parkway,Female
157,Dulcy Poyle,541-188-4800,39357 Clove Hill,Male
158,Bunni Whitlow,927-189-8437,13717 Continental Drive,Male
159,Alyosha Taffurelli,287-942-9488,0 Manitowish Park,Female
160,Kenton Shemelt,700-899-9744,33833 Birchwood Point,Male
161,Jaymee Piscotti,669-974-5228,0158 Kensington Park,Male
162,Celie Felix,185-840-8445,6 Morning Crossing,Male
163,Kerrill Burgot,844-590-0117,65 Lillian Pass,Male
164,Christian Bendtsen,282-637-7352,11 Nelson Alley,Female
165,Austine Van Daalen,385-610-6843,755 Warbler Plaza,Female
166,Nikolia Iozefovich,510-617-4167,4 Farwell Place,Female
167,Elvera Gaitskill,982-562-4825,50 3rd Court,Male
168,Arielle Geal,659-248-6617,33 Onsgard Drive,Female
169,Nana Garrod,611-123-0663,35 Surrey Place,Male
170,Edi Thebe,734-555-7011,34 Muir Way,Female
171,Fleurette Haliburn,939-621-2079,2923 Katie Lane,Male
172,Nerta Dod,351-518-7190,62673 Sage Park,Male
173,Tallou Edmondson,773-841-8484,7 Loftsgordon Junction,Male
174,Bondie Cheese,744-907-0819,6674 Monterey Court,Female
175,Mirabel Kornalik,506-126-5140,5306 Surrey Point,Male
176,Haskel De Bruijn,315-768-7517,29308 Moulton Park,Male
177,Barnabe Carette,967-604-7848,011 Mariners Cove Junction,Female
178,Denys Showering,851-231-8613,8777 Algoma Trail,Female
179,Ester Breakey,249-740-5722,6 Rutledge Way,Female
180,Thornie Shorbrook,721-836-4479,63242 Mitchell Drive,Male
181,Klarrisa Basire,408-588-3362,1284 Vera Court,Male
182,Morry Downton,681-165-2832,0 Moose Avenue,Female
183,Kahlil Feasby,714-125-5614,364 Harper Terrace,Female
184,Torrence Garrique,861-494-8240,4 Spohn Street,Female
185,Lorry Yesichev,711-503-9379,4761 Chive Avenue,Male
186,Minny Haggerstone,648-682-8278,25 Jenna Park,Female
187,Emelyne Normavell,969-634-2372,9912 Miller Street,Male
188,Steward Leggitt,472-208-8875,6 Stuart Place,Female
189,Purcell Hannabus,920-556-0274,8 Waubesa Crossing,Female
190,Enoch McCaskill,914-155-2321,38789 Nelson Park,Female
191,Veronique Blinde,430-196-1390,15 Manitowish Point,Female
192,Evin Colecrough,492-215-1419,1 Anzinger Place,Male
193,Aron Zuanazzi,931-262-2700,504 Scott Plaza,Female
194,Clayborn Schirok,161-743-6104,30 Troy Circle,Male
195,Rodrick Pretswell,582-976-1119,365 Arizona Parkway,Female
196,Novelia Linforth,513-414-2296,03674 Merrick Avenue,Male
197,Ximenes Le Grove,922-215-6970,7880 Brown Parkway,Female
198,Rocky Nelthropp,210-458-3791,43216 Anzinger Drive,Male
199,Wilburt Parres,899-245-1167,6952 Main Drive,Female
200,Fred Imason,355-171-4993,74 Hoffman Pass,Male
201,Cornelius Simonett,415-742-3527,8 Grayhawk Road,Male
202,Nevile Vokins,698-891-0616,75643 Ludington Way,Female
203,Anna Kilcullen,642-591-4235,86968 Raven Avenue,Male
204,Shannon Legat,302-755-8378,8216 Declaration Pass,Male
205,Sandye Zuppa,714-829-5756,85 Lillian Place,Male
206,Netty De Luna,685-155-4204,39609 Cardinal Parkway,Female
207,Torey Heam,289-563-0487,87 Sachs Point,Male
208,Lorant Massingberd,193-357-2347,42 Evergreen Way,Male
209,Dee Greedy,330-856-0851,1 Debra Park,Male
210,Teri Nunnerley,131-967-1610,10 Warrior Trail,Male
211,Rosemaria Musker,967-403-8227,0 Brown Way,Female
212,Quintin Sturr,174-785-3393,955 Fulton Hill,Female
213,Natalee Jeger,386-520-0646,98 Ohio Crossing,Male
214,Lida Sargood,267-209-8797,084 Elgar Lane,Female
215,Dane McKune,284-370-6198,02 Merry Plaza,Female
216,Hube Bamford,516-681-6235,642 Continental Junction,Female
217,Willey Pattenden,731-610-4993,76043 Cody Hill,Female
218,Fran Leale,724-976-0658,0056 Nevada Way,Male
219,Sherrie Doley,761-665-8991,93 5th Center,Male
220,Dinnie Tribe,260-272-5492,573 David Road,Female
221,Lil Abadam,610-843-7302,58 Crowley Park,Male
222,Marja Bertwistle,324-706-1917,47 6th Center,Female
223,Christabella Murrill,482-993-0684,05 Dottie Parkway,Female
224,Jaime MacBean,907-645-4720,00575 Forest Lane,Female
225,Rudiger Brain,346-521-5268,505 Meadow Valley Pass,Male
226,Gretchen Robillard,951-160-7487,3386 Merrick Parkway,Male
227,Miles Rany,710-557-3298,04 Holy Cross Avenue,Male
228,Kelli Battershall,502-277-5877,82049 Oak Place,Female
229,Lura Denziloe,877-938-7894,244 Loftsgordon Trail,Male
230,Kellen Stubbington,845-350-2121,06027 Packers Avenue,Male
231,Raffarty Braysher,751-534-8537,293 Sunfield Terrace,Male
232,Jonis Petrishchev,403-614-0391,072 Forest Lane,Male
233,Herbert Checcucci,289-998-8061,41076 Coleman Drive,Male
234,Brandtr Kilgrove,956-397-3998,9 Myrtle Hill,Female
235,Ulrika Bissell,139-425-6177,7964 Schiller Terrace,Female
236,Loren Laugharne,935-813-4445,0 Forest Dale Avenue,Female
237,Mercedes Elcy,728-761-2796,1015 Talmadge Circle,Female
238,Oralee Divell,912-401-4437,75 Cascade Trail,Male
239,Philippine Weedon,179-288-9462,5 Service Road,Female
240,Frederick Heball,801-440-4993,30 Alpine Pass,Female
241,Sibel Iacovolo,579-576-0756,502 Toban Circle,Female
242,Mauricio Kensington,846-774-8083,0282 Norway Maple Court,Female
243,Lark Dibdall,912-276-9519,38287 Fairview Avenue,Female
244,Glennis Ribbens,662-312-4139,51228 Fieldstone Place,Male
245,Horatius Jessopp,929-514-4124,9 Gerald Alley,Male
246,Orly Wesker,722-807-0201,767 Monica Parkway,Male
247,Kimmi Lethcoe,183-212-2322,03386 Talmadge Center,Female
248,Onida Osichev,882-930-0273,617 Nelson Junction,Female
249,Arie Renhard,985-756-9111,16606 Gerald Trail,Female
250,Lissy Tatchell,856-425-1903,0 Loftsgordon Pass,Female
251,Brooks Chafer,751-276-8427,8 Clyde Gallagher Avenue,Male
252,Valentina Dufaire,170-523-4414,0296 Vahlen Park,Male
253,Wiley Belcham,965-778-7484,24 Shasta Place,Female
254,Zach Golborn,200-341-7218,06615 Debra Circle,Female
255,Laure Galsworthy,640-664-3075,8 Kings Road,Female
256,Vito Clappson,866-338-7729,5324 Eastlawn Center,Female
257,Lexy Duplan,240-793-7185,53984 Trailsway Alley,Female
258,Hardy Hilbourne,393-147-5018,4496 Service Trail,Male
259,Konstantin Regglar,291-209-9258,8789 Anhalt Trail,Female
260,Sheridan Muro,778-780-1397,44070 Myrtle Trail,Male
261,Thaxter Thomasset,163-473-6024,79883 Mandrake Avenue,Female
262,Phylys Shew,432-929-1824,8 Bellgrove Avenue,Male
263,Joice Bradburne,851-882-9393,4 Prairie Rose Avenue,Female
264,Ashlie Barnaclough,212-179-3590,828 2nd Terrace,Female
265,Averell Gillford,920-357-1830,57 Norway Maple Avenue,Male
266,Muffin Farlham,835-411-0022,294 Arizona Parkway,Female
267,Florry Ellissen,245-217-4346,54128 Menomonie Place,Male
268,Anette Gabbitas,334-865-9550,367 Chinook Center,Female
269,Maisie Sevin,562-482-8351,81879 Ohio Lane,Male
270,Barbe Demange,494-128-3541,781 Debra Circle,Male
271,Christos Trillo,916-628-7510,30095 Heffernan Terrace,Female
272,Augustin Towle,285-806-9873,20 Merrick Court,Female
273,Jonah Polson,209-259-1486,90895 Hollow Ridge Plaza,Female
274,Siouxie Willmetts,394-470-4874,478 Fair Oaks Street,Male
275,Korie Laight,210-293-6636,56 Sachs Plaza,Female
276,Joell Beavington,166-536-6000,846 Granby Way,Male
277,Datha Kierans,534-108-0491,847 Mariners Cove Alley,Male
278,Jim Murkin,544-997-8433,771 Glendale Plaza,Female
279,Bess Gillow,142-415-2525,46380 Roth Drive,Female
280,Tripp Castaneda,528-310-2087,214 Lillian Lane,Male
281,Rozelle Powley,853-504-7907,7979 Bashford Point,Male
282,Aeriela Eatock,978-270-5837,57372 Moose Terrace,Female
283,Cammi Mapledorum,467-949-7014,7 8th Hill,Female
284,Salomi Le-Good,941-911-2148,259 Ludington Circle,Male
285,Ingelbert Anderton,239-242-8052,8088 Washington Avenue,Female
286,Enos Eschelle,686-565-6089,9237 Kensington Avenue,Male
287,Hymie Manley,534-194-0811,3770 Twin Pines Hill,Male
288,Dell Leitch,936-761-3616,98 Cardinal Terrace,Female
289,Dotti Conkay,636-454-8709,40482 Dixon Parkway,Male
290,Hussein Lumm,531-734-1635,8501 Butternut Place,Male
291,Nobe Linnock,685-951-4470,9361 Roxbury Junction,Male
292,Iona Tullot,520-440-6122,3 Starling Plaza,Female
293,Nanete Samett,191-183-9769,9844 Scott Avenue,Male
294,Natala Cantillion,504-792-6741,96970 3rd Plaza,Male
295,Farly Winscum,672-188-2247,7877 Corben Park,Male
296,Marlane Roon,288-454-7712,250 Bellgrove Center,Male
297,Vi Keward,369-704-5052,457 Packers Alley,Male
298,Virginie Cinelli,554-348-2476,0779 Pleasure Street,Male
299,Jammal Zotto,687-922-4345,450 Glendale Lane,Female
300,Fabio Parcells,922-891-0434,3 Erie Place,Female
301,Selig Cleary,249-487-7648,536 Gale Center,Female
302,Calley Di Domenico,392-207-7160,21698 Packers Junction,Male
303,Stevie Brugsma,741-194-3150,5 Morrow Lane,Female
304,Wiatt Bartram,717-136-4001,4 Roth Avenue,Female
305,Yance Gowthrop,557-739-5938,0 Lerdahl Pass,Female
306,Lemuel Veque,908-749-5864,83259 Farragut Point,Male
307,Isabelita Folland,713-924-5096,64380 Sunnyside Junction,Male
308,Leif Hamlen,452-652-8655,65533 Glacier Hill Trail,Male
309,Denise Spavon,501-663-3845,487 Bowman Terrace,Male
310,Florian Megson,510-984-6424,3541 Susan Point,Female
311,Leela Ringwood,902-394-7838,29590 Blaine Junction,Female
312,Colet Ledson,556-845-3988,947 Chinook Terrace,Female
313,Shelagh Laden,178-657-2370,22 Warbler Point,Female
314,Minnie Hatherall,943-575-0803,304 Schiller Pass,Male
315,Leone Skitral,983-930-1627,94 American Ash Plaza,Female
316,Crin Fairbridge,803-224-1329,22 Bobwhite Plaza,Male
317,Mame Huison,906-148-2607,0 Birchwood Parkway,Male
318,Kevyn Kerrigan,806-657-3168,798 Leroy Junction,Male
319,Athene Karpol,708-548-3269,0 Artisan Pass,Female
320,Frederic Coytes,363-232-2637,73039 Daystar Court,Female
321,Shelby Patrie,337-516-4237,06 Susan Pass,Female
322,Palm Mostin,250-136-2224,0988 Prentice Hill,Female
323,Gracie Edgecombe,993-281-8328,5474 Randy Pass,Female
324,Eunice Deverill,176-609-6520,09 Loftsgordon Road,Female
325,Bradley Shirtliff,980-558-1020,57 Wayridge Road,Male
326,Benyamin Furmage,850-957-9278,40 Maywood Circle,Male
327,Thebault McAuliffe,917-220-1876,0 Canary Center,Female
328,Melina Frankiss,515-216-8909,2 Heath Avenue,Male
329,Barnabe Lawtey,679-679-2611,08639 Loomis Parkway,Female
330,Yank Davitashvili,928-518-3352,786 Village Green Lane,Male
331,Domeniga Blodget,819-789-9718,31470 Jay Terrace,Female
332,Worthy Rowbury,421-908-6897,5014 Comanche Terrace,Female
333,Nil Feavers,137-142-6007,54 Burning Wood Hill,Male
334,Raoul Geldeard,398-334-4702,7 2nd Alley,Male
335,Neill Dessent,212-769-8199,6 Westerfield Drive,Male
336,Toby Verner,666-316-8826,298 Victoria Trail,Male
337,Adolf Reijmers,969-533-8168,9509 Dahle Avenue,Male
338,Lucinda Paynes,512-203-8469,54027 Iowa Park,Female
339,Barty Ick,378-596-8679,53 Novick Center,Female
340,Solly O'Shesnan,914-143-8022,96 Bellgrove Pass,Male
341,Rafaellle Barajaz,717-502-6104,56565 Straubel Drive,Female
342,Blythe MacGaughie,508-728-3877,9 Mayer Lane,Male
343,Tiffy Musto,509-827-2246,985 Kennedy Road,Female
344,Zola Wildbore,550-638-8076,1 Golden Leaf Avenue,Female
345,Giraud Tetlow,556-808-4557,83 Northridge Circle,Male
346,Cinderella Faucett,925-550-9917,6337 Talmadge Center,Male
347,Julietta McKue,293-725-1499,90 Straubel Pass,Male
348,Mirilla MacAnespie,671-576-4346,8 Burning Wood Junction,Male
349,Netty Wellen,253-794-5108,17 Manitowish Hill,Male
350,Dennie Skahill,540-412-3370,84 Washington Hill,Male
351,Maia Charlewood,503-934-9419,34337 Atwood Junction,Female
352,Clarke Gronou,816-479-4385,6 Messerschmidt Plaza,Male
353,Flynn Laterza,940-618-8876,59 Duke Street,Female
354,Lian Aaronson,339-750-4536,8 Logan Parkway,Female
355,Erminia Carnew,246-964-0563,317 Manufacturers Hill,Male
356,Rodd Gerrett,767-272-2169,03016 Merchant Road,Female
357,Bondy Rider,743-755-0780,57344 Havey Point,Male
358,Adelina Saleway,102-755-9630,7893 Randy Trail,Female
359,Dedie Pavek,393-729-5625,57 Express Place,Male
360,Emanuele Doe,835-437-7395,7 Schmedeman Lane,Female
361,Mahmoud Rand,253-307-0604,799 Warner Lane,Male
362,Nita Pavey,538-104-4346,1918 Scott Plaza,Female
363,Farr Strowthers,901-238-7492,0539 Fieldstone Lane,Female
364,Juana Dutnall,759-755-1194,30594 Marquette Hill,Female
365,Flynn Videan,930-569-3594,1 Oxford Crossing,Female
366,Ilene McMullen,450-760-8932,54485 Fieldstone Alley,Male
367,Adena Korb,603-942-4198,51 Brown Alley,Female
368,Cindie Ecclesall,325-454-8301,2118 Old Gate Trail,Male
369,Bridgette Brewin,698-489-3197,946 Anthes Hill,Female
370,Reginald Hanrott,725-418-3604,4 Fisk Drive,Female
371,Bendick Sanson,572-763-5748,046 Rutledge Crossing,Male
372,Kristian Brando,422-406-9518,80 Starling Avenue,Female
373,Norman Milazzo,310-351-1796,86211 Burrows Hill,Female
374,Eadmund Clemett,546-532-8759,84 Stone Corner Hill,Male
375,Bay Draysey,178-223-2563,3495 Reinke Way,Female
376,Morena McClurg,299-525-4915,90030 Lighthouse Bay Circle,Female
377,Andra Rampling,158-411-0205,2745 Express Street,Female
378,Zach Stimson,949-347-1197,28 Rutledge Place,Female
379,Merla Tupman,127-433-8226,5 Southridge Alley,Male
380,Kerrin Skeates,400-169-4465,7 Bultman Place,Female
381,Nobe Burgin,701-768-1714,06 Daystar Court,Female
382,Pauletta Trott,175-598-0253,73825 Meadow Valley Junction,Female
383,Dwight Chelnam,369-504-0787,22 Village Green Parkway,Female
384,Mindy O'Rafferty,895-732-4075,586 Michigan Point,Male
385,Clerkclaude Greenhouse,913-876-3826,1785 Westport Lane,Female
386,Karyn Pegrum,373-902-8450,65725 Truax Lane,Female
387,Zackariah Napoleon,406-327-8034,2 Brickson Park Road,Female
388,Graehme Seefeldt,882-329-1739,62 Golf View Circle,Male
389,Zacherie Curgenven,288-918-1726,71633 Morrow Park,Male
390,Vlad Lazenby,928-522-3985,9011 Donald Street,Female
391,Ciel Georgi,998-165-0348,96567 Holmberg Circle,Female
392,Anissa Driscoll,973-503-9342,929 Little Fleur Center,Male
393,Ivie Dalgliesh,655-232-9256,357 Orin Place,Male
394,Gillie Barnewell,717-697-7553,8342 3rd Point,Female
395,Joseph Edes,975-603-2661,2 Mayfield Court,Female
396,Welch Hosten,764-483-3629,15331 Barby Road,Male
397,Leontine Temby,435-318-6097,7081 Dovetail Circle,Male
398,Bonnibelle Duplain,851-434-0665,531 Fremont Park,Male
399,Paddy Goodered,127-568-2266,37450 Susan Point,Male
400,Lalo Bricksey,289-791-7654,0252 Menomonie Terrace,Male
401,Cassaundra Twopenny,921-480-2017,2063 Grim Way,Male
402,Gratiana Bollum,574-858-2684,79 Dennis Terrace,Female
403,Paule Dow,550-255-0074,8391 Morrow Pass,Female
404,Denise Eacle,988-735-6184,07501 Springview Terrace,Female
405,Pace Larvor,442-236-6885,45 Knutson Place,Male
406,Kendell Peltzer,675-833-6868,75 Havey Terrace,Male
407,Arline Cowlin,119-405-3351,4712 Ridgeway Hill,Female
408,Melissa Dutton,465-520-3732,7 Westerfield Hill,Male
409,Dennison Tassell,130-585-3168,68646 Kipling Place,Male
410,Jo Copland,882-816-8084,35 Oneill Terrace,Male
411,Toinette Collingdon,625-180-5843,720 Moose Place,Male
412,Ibrahim Bohea,324-617-5144,50441 Emmet Road,Male
413,Sioux Pawsey,803-431-3046,2121 Coleman Park,Female
414,Keefe Cammocke,344-422-6221,778 Manufacturers Court,Female
415,Prince Libero,383-928-5753,8290 Drewry Way,Female
416,Augusto Warnes,594-999-7199,2861 Arrowood Hill,Female
417,Osbert Sergean,158-667-9688,65646 Memorial Lane,Male
418,Baron Tarbin,724-804-2311,64 Clemons Court,Male
419,Selia Dur,204-414-6281,85457 Bonner Road,Male
420,Dilly Enever,416-777-5980,77568 Pepper Wood Plaza,Male
421,Shoshanna Pahlsson,992-487-5175,04121 Stoughton Circle,Male
422,Dorian Stollberg,420-249-0021,2053 Hayes Plaza,Female
423,Yank Oganian,321-638-8962,467 Onsgard Road,Male
424,Jaymee Jelly,203-907-5163,98 Aberg Pass,Male
425,Felix Shand,889-670-7432,48 Dwight Avenue,Male
426,Yettie Margaret,422-987-2273,52864 Karstens Hill,Male
427,Agna Doveston,199-269-7383,7 Chinook Alley,Male
428,Hartwell Withinshaw,208-179-6517,070 Sundown Park,Female
429,Rodd Portail,832-344-2387,85 Forest Center,Male
430,Micky Jiri,671-526-4357,3 Paget Court,Female
431,Cheslie Hains,314-458-3435,7 Carey Road,Female
432,Celisse Gabbatt,948-240-1022,23 Longview Junction,Female
433,Lucine Vauter,316-343-2048,50056 Lotheville Way,Female
434,Christel Ridsdale,539-633-2455,642 Division Hill,Female
435,Harry Gilbert,344-315-4878,5936 Main Hill,Male
436,Findlay Orkney,522-164-9987,00502 Lukken Way,Female
437,Nadiya Spender,620-683-9744,73 Riverside Trail,Female
438,Edythe Splevins,654-722-6664,52 Emmet Crossing,Female
439,Arty Sherborne,679-199-4756,308 Farragut Circle,Female
440,Darbee Polle,113-192-9351,4 Gerald Road,Female
441,Glynnis Roches,375-433-8638,80 Forster Junction,Female
442,Merilyn Philippeaux,449-393-5245,9 Lotheville Point,Female
443,Kele Spellecy,985-390-3499,21 Derek Park,Male
444,Anatola Corah,493-588-4340,5502 Northport Terrace,Male
445,Marius Ivasechko,879-480-2131,67 Ruskin Plaza,Female
446,Leonanie Emmanuele,671-227-2251,8507 Darwin Hill,Male
447,Ryley Evans,100-883-8581,60 Mosinee Circle,Female
448,Kendricks Jaggli,507-549-8687,8 Harper Road,Male
449,Edwin Sommerling,373-390-3402,4266 Arapahoe Pass,Female
450,Ogdon Robbins,766-219-5567,9807 Anhalt Road,Female
451,Marvin Postance,790-246-8049,6 Melby Alley,Male
452,Cheslie Cherrett,342-568-8739,28598 John Wall Way,Female
453,Dyanne Parrett,614-905-5456,94251 Debra Plaza,Male
454,Alf McVie,266-115-1301,11750 Green Plaza,Female
455,Del Warrack,783-264-9443,34427 Steensland Street,Female
456,Kaspar Wybern,151-783-6950,56741 Cody Trail,Female
457,Adolphe Taber,367-298-0799,4978 Elmside Lane,Female
458,Agnese Sposito,352-927-3306,1 Clove Crossing,Female
459,Caro Nelissen,517-924-5633,12475 Nevada Crossing,Male
460,Zuzana Bamlet,709-228-1778,99 Mcguire Pass,Female
461,Piggy Blanche,566-183-3241,276 Lillian Way,Female
462,Hope Gabites,355-309-3505,60 Banding Lane,Female
463,Erhart Ingilson,305-792-3360,64 Mosinee Crossing,Female
464,Catina Hoggan,711-203-8327,0 Pepper Wood Trail,Female
465,Emmaline Ancliff,820-212-6778,039 Oneill Plaza,Male
466,Siana Fonquernie,747-814-5165,4992 Barby Terrace,Male
467,Heddi Farron,678-763-3050,11 Kim Avenue,Female
468,Sylvia Cassar,162-574-9204,84 Weeping Birch Point,Male
469,Olin Yezafovich,943-484-7648,49 Stephen Hill,Male
470,Shayla Dominichetti,955-935-2031,52 Hazelcrest Trail,Male
471,Zitella Peers,772-612-9972,3 Buhler Avenue,Male
472,Karine Roft,677-511-2430,431 Nevada Lane,Male
473,Thacher Mortell,818-217-4409,16630 Artisan Trail,Female
474,Iosep Escalera,188-733-3474,9938 Waubesa Hill,Male
475,Andreana Jennaway,349-277-5939,2 Forest Hill,Male
476,Ozzie Acum,589-807-3030,11 Lukken Road,Female
477,Caspar Iwaszkiewicz,900-574-0915,32 Di Loreto Center,Female
478,Gerianne Sheather,414-218-0604,9 Miller Hill,Female
479,Kristien Keets,197-538-9367,09181 Tomscot Point,Female
480,Moss Bednell,617-953-4890,461 Twin Pines Point,Male
481,Fidela Lafflina,368-525-6402,3445 Grim Road,Female
482,Kipp Moorwood,605-989-6952,24 Heffernan Parkway,Female
483,Mikaela Iffe,623-212-3362,54 Scoville Road,Female
484,Dalli Macklin,428-792-5037,02 Kings Plaza,Male
485,Siouxie McCroft,338-513-6401,56 Eastwood Circle,Female
486,Martie Pantone,662-200-7378,7 Park Meadow Parkway,Female
487,Claire Tuson,334-173-0676,15 4th Street,Female
488,Bliss Walbrun,641-745-7690,0 Homewood Crossing,Male
489,Eben Schutt,353-211-8382,91 Granby Street,Male
490,Isiahi Merida,724-726-0804,166 Merchant Street,Female
491,Brannon Foale,826-106-5167,6 Johnson Way,Male
492,Idalia Delacote,464-425-8936,766 Carioca Center,Female
493,Scarlett Aldrin,686-953-2683,890 Spohn Trail,Male
494,Basil Juorio,413-313-2170,05 Towne Street,Male
495,Sharona Berney,378-429-0078,53 Nevada Avenue,Male
496,Cristal Sandford,372-900-0146,23 Atwood Lane,Female
497,Haley Vanyushin,187-619-1406,313 Hoepker Hill,Female
498,Jerri Lyle,328-474-1080,54686 Bonner Place,Female
499,Bamby Chambers,783-653-9376,14 Sycamore Street,Male
500,Dusty Cowderay,541-453-6484,1 Carey Alley,Male
